url,label
https://www.github.com/support,legitimate
https://stackoverflow.online/reset,phishing
https://www.yahoo.com/blog/support,legitimate
http://paypal-payment.com,phishing
https://www.netflix.com,legitimate
https://netflix.xyz/login,phishing
https://www.duckduckgo.com/support,legitimate
https://upgrade!cnn.org,phishing
https://www.bing.com/products/help,legitimate
https://www.nytimes.com?id=12345,legitimate
http://reddit-bank.com,phishing
https://www.nytimes.com/about/blog?id=12345,legitimate
https://www.bing.com/about/help?q=search_term,legitimate
http://www.ebay.free.net,phishing
https://www.cnn.com/blog/support,legitimate
http://bing-update.net,phishing
https://login_google.org,phishing
https://github.online/payment,phishing
https://www.nytimes.com/support/blog?q=search_term,legitimate
https://www.google.com,legitimate
https://nytimes.store/confirm,phishing
http://www.adobe.free.org,phishing
http://amazon-download.com,phishing
https://invoice)ebay.com,phishing
https://www.facebook.com/support?cat=electronics,legitimate
https://amazon.store/urgent,phishing
https://free@duckduckgo.net,phishing
https://www.nytimes.com/blog?id=12345,legitimate
https://www.yahoo.com/products/products?q=search_term,legitimate
http://paypal-winner.org,phishing
https://free=google.com,phishing
https://www.youtube.com/support/support?id=12345,legitimate
https://wikipedia.store/account,phishing
http://wikipedia-reset.org,phishing
http://google-security.com,phishing
https://www.youtube.com/support/help?cat=electronics,legitimate
https://confirm%facebook.net,phishing
https://cloudflare.xyz/invoice,phishing
http://cnn-bank.org,phishing
http://github-download.com,phishing
http://www.paypal.bank.net,phishing
https://google.xyz/document,phishing
https://www.bbc.co.uk/blog/products,legitimate
https://reddit.store/payment,phishing
https://www.youtube.com/products/about,legitimate
https://invoice!reddit.net,phishing
https://document!linkedin.net,phishing
https://www.yahoo.com/products/about?id=12345,legitimate
http://www.stackoverflow.upgrade.org,phishing
http://youtube-invoice.org,phishing
http://www.bbc.update.net,phishing
https://clickhere@reddit.com,phishing
https://www.microsoft.com,legitimate
https://www.cnn.com/support,legitimate
https://www.twitter.com?id=12345,legitimate
https://www.youtube.com/help/products?q=search_term,legitimate
https://www.google.com/help?q=search_term,legitimate
https://www.cnn.com/products/help,legitimate
https://www.bbc.co.uk/support/products,legitimate
https://account&bbc.org,phishing
https://facebook.store/security,phishing
https://www.nytimes.com/support/help,legitimate
https://www.yahoo.com/help?q=search_term,legitimate
http://www.paypal.reset.org,phishing
http://google-confirm.net,phishing
https://www.paypal.com?cat=electronics,legitimate
https://www.youtube.com/help/about,legitimate
http://duckduckgo-security.com,phishing
https://www.adobe.com/support,legitimate
https://reset-amazon.com,phishing
http://google-clickhere.net,phishing
https://www.microsoft.com?cat=electronics,legitimate
https://www.bbc.co.uk/blog/support,legitimate
https://www.spotify.com,legitimate
https://document-netflix.org,phishing
https://www.linkedin.com?q=search_term,legitimate
https://www.twitter.com/support/help,legitimate
https://www.cnn.com/help/support,legitimate
https://www.spotify.com,legitimate
https://www.ebay.com,legitimate
https://www.nytimes.com,legitimate
http://duckduckgo-login.org,phishing
https://invoice@microsoft.org,phishing
https://cnn.xyz/urgent,phishing
https://login%reddit.org,phishing
http://www.apple.payment.com,phishing
https://www.yahoo.com,legitimate
https://www.github.com?cat=electronics,legitimate
https://instagram.online/prize,phishing
https://netflix.xyz/confirm,phishing
http://www.nytimes.security.org,phishing
https://amazon.shop/invoice,phishing
https://ebay.store/upgrade,phishing
https://www.youtube.com?cat=electronics,legitimate
https://reset-twitter.org,phishing
https://www.microsoft.com/help,legitimate
https://www.spotify.com/blog?id=12345,legitimate
http://facebook-free.org,phishing
https://www.reddit.com/products?q=search_term,legitimate
http://www.wikipedia.free.com,phishing
http://www.bbc.prize.org,phishing
http://www.linkedin.reset.net,phishing
https://www.nytimes.com?id=12345,legitimate
https://www.netflix.com/support,legitimate
https://www.facebook.com/blog/blog?cat=electronics,legitimate
https://www.stackoverflow.com/support,legitimate
https://www.wikipedia.org?id=12345,legitimate
https://www.amazon.com,legitimate
https://account)twitter.com,phishing
https://spotify.xyz/confirm,phishing
http://twitter-free.com,phishing
http://www.bing.security.org,phishing
http://www.bing.payment.net,phishing
http://youtube-online.org,phishing
https://www.amazon.com/about/about,legitimate
https://payment)amazon.net,phishing
https://www.bbc.co.uk/blog,legitimate
http://www.netflix.prize.org,phishing
https://linkedin.xyz/upgrade,phishing
http://www.youtube.payment.org,phishing
https://nytimes.store/upgrade,phishing
https://www.apple.com/products/support,legitimate
https://www.youtube.com/about,legitimate
https://www.spotify.com/help?cat=electronics,legitimate
https://www.cloudflare.com/help/help?q=search_term,legitimate
https://www.wikipedia.org,legitimate
https://www.youtube.com,legitimate
https://free&ebay.org,phishing
https://www.stackoverflow.com/support?cat=electronics,legitimate
https://prize%cnn.org,phishing
https://www.netflix.com/about/about?cat=electronics,legitimate
http://stackoverflow-password.net,phishing
https://www.microsoft.com,legitimate
http://www.stackoverflow.confirm.net,phishing
https://www.wikipedia.org/products/help?q=search_term,legitimate
https://payment)yahoo.com,phishing
https://www.microsoft.com/help,legitimate
http://google-security.com,phishing
http://google-account.org,phishing
https://www.adobe.com?id=12345,legitimate
http://www.adobe.invoice.net,phishing
https://password=github.net,phishing
https://www.cloudflare.com/products,legitimate
https://www.reddit.com/blog,legitimate
https://www.netflix.com/blog?cat=electronics,legitimate
https://www.facebook.com?q=search_term,legitimate
http://cnn-document.org,phishing
https://www.youtube.com,legitimate
https://www.bing.com/products,legitimate
http://www.amazon.prize.net,phishing
https://www.instagram.com,legitimate
https://reddit.store/bank,phishing
https://confirm$cnn.org,phishing
https://www.bbc.co.uk/support?cat=electronics,legitimate
http://www.microsoft.confirm.net,phishing
https://www.facebook.com/blog/about,legitimate
https://www.wikipedia.org/about?q=search_term,legitimate
https://www.wikipedia.org/blog/support,legitimate
http://instagram-winner.net,phishing
https://download$amazon.org,phishing
https://payment)stackoverflow.com,phishing
http://linkedin-prize.org,phishing
https://www.microsoft.com,legitimate
https://www.amazon.com/products,legitimate
http://paypal-confirm.net,phishing
http://www.linkedin.prize.net,phishing
https://amazon.online/security,phishing
https://www.reddit.com/products,legitimate
https://www.google.com/about/support,legitimate
https://www.reddit.com/about?cat=electronics,legitimate
https://www.facebook.com/blog/support,legitimate
https://www.spotify.com/about,legitimate
http://www.google.upgrade.org,phishing
https://www.wikipedia.org/blog/about,legitimate
https://www.facebook.com/support/products?cat=electronics,legitimate
http://www.spotify.free.org,phishing
https://www.netflix.com,legitimate
http://www.cnn.confirm.com,phishing
https://update(apple.org,phishing
https://www.instagram.com,legitimate
https://www.netflix.com/products/blog?cat=electronics,legitimate
https://prize(google.net,phishing
https://www.paypal.com/about?cat=electronics,legitimate
https://urgent=linkedin.com,phishing
https://payment.yahoo.com,phishing
https://www.cloudflare.com/products,legitimate
https://www.microsoft.com,legitimate
https://google.shop/update,phishing
https://www.github.com,legitimate
https://www.nytimes.com,legitimate
http://www.linkedin.download.org,phishing
https://www.duckduckgo.com/products/products,legitimate
https://stackoverflow.xyz/update,phishing
https://linkedin.store/password,phishing
http://paypal-winner.org,phishing
http://facebook-password.com,phishing
https://www.twitter.com/blog,legitimate
https://www.adobe.com,legitimate
http://www.apple.urgent.org,phishing
http://google-password.com,phishing
https://www.apple.com/blog/support?cat=electronics,legitimate
https://www.paypal.com/support,legitimate
https://www.reddit.com?id=12345,legitimate
https://www.microsoft.com,legitimate
http://www.youtube.prize.com,phishing
http://www.instagram.prize.net,phishing
https://www.apple.com/support/blog?q=search_term,legitimate
https://www.ebay.com,legitimate
http://www.adobe.payment.com,phishing
https://www.adobe.com,legitimate
https://www.microsoft.com/blog/products,legitimate
http://www.google.verify.com,phishing
https://www.reddit.com/support?cat=electronics,legitimate
https://www.wikipedia.org/blog/support?cat=electronics,legitimate
https://bbc.store/confirm,phishing
https://www.adobe.com/about/support?q=search_term,legitimate
https://www.wikipedia.org/help,legitimate
https://www.linkedin.com/about,legitimate
https://login(bing.org,phishing
https://www.linkedin.com/help/blog?id=12345,legitimate
http://spotify-winner.com,phishing
http://adobe-security.net,phishing
https://www.spotify.com?id=12345,legitimate
https://stackoverflow.xyz/update,phishing
https://www.amazon.com/support,legitimate
https://urgent&reddit.org,phishing
https://www.cnn.com/help?q=search_term,legitimate
https://www.linkedin.com/about,legitimate
https://www.stackoverflow.com/products,legitimate
https://www.spotify.com/support/support?cat=electronics,legitimate
https://www.stackoverflow.com,legitimate
https://www.bing.com/blog,legitimate
https://clickhere-bbc.org,phishing
https://www.duckduckgo.com/blog?q=search_term,legitimate
https://www.cnn.com/help/products?cat=electronics,legitimate
http://adobe-confirm.net,phishing
https://reddit.online/password,phishing
http://www.youtube.confirm.org,phishing
https://www.cloudflare.com/support?q=search_term,legitimate
https://www.twitter.com/support/blog?cat=electronics,legitimate
http://apple-login.com,phishing
https://update)cnn.net,phishing
https://www.yahoo.com?cat=electronics,legitimate
http://www.linkedin.prize.org,phishing
http://www.cloudflare.reset.org,phishing
https://payment$youtube.net,phishing
https://www.spotify.com?id=12345,legitimate
http://www.microsoft.free.org,phishing
https://www.nytimes.com/products?q=search_term,legitimate
https://www.cnn.com/blog?id=12345,legitimate
https://www.twitter.com,legitimate
https://www.nytimes.com/about/blog?id=12345,legitimate
https://account(youtube.org,phishing
https://www.linkedin.com?q=search_term,legitimate
https://online_wikipedia.net,phishing
https://www.amazon.com/products,legitimate
https://www.apple.com/about/products,legitimate
https://www.reddit.com/products,legitimate
https://www.cloudflare.com/about/help?id=12345,legitimate
https://verify(netflix.com,phishing
https://www.reddit.com/about,legitimate
https://adobe.shop/confirm,phishing
https://cnn.online/verify,phishing
https://www.reddit.com,legitimate
https://www.ebay.com/help?q=search_term,legitimate
https://amazon.xyz/payment,phishing
https://online$twitter.org,phishing
http://duckduckgo-upgrade.com,phishing
https://cnn.shop/document,phishing
https://www.facebook.com/blog,legitimate
http://www.apple.upgrade.org,phishing
https://google.online/winner,phishing
https://www.stackoverflow.com?id=12345,legitimate
https://linkedin.store/download,phishing
https://www.instagram.com/about,legitimate
https://www.netflix.com,legitimate
http://ebay-upgrade.net,phishing
https://reset&netflix.com,phishing
https://www.nytimes.com/blog,legitimate
https://www.github.com/about,legitimate
https://www.microsoft.com/support/support?cat=electronics,legitimate
http://www.github.bank.org,phishing
http://www.netflix.account.com,phishing
https://verify~reddit.com,phishing
https://www.cnn.com/help,legitimate
https://www.google.com?cat=electronics,legitimate
https://update*github.org,phishing
http://facebook-document.com,phishing
https://www.github.com?id=12345,legitimate
https://online%reddit.net,phishing
https://www.adobe.com/about,legitimate
https://www.ebay.com/help/support,legitimate
https://www.youtube.com/products/support?cat=electronics,legitimate
https://invoice*ebay.org,phishing
https://www.nytimes.com/help/about?q=search_term,legitimate
https://www.bing.com?cat=electronics,legitimate
https://spotify.xyz/reset,phishing
https://www.linkedin.com/products,legitimate
http://www.spotify.account.com,phishing
https://spotify.shop/confirm,phishing
http://www.microsoft.upgrade.com,phishing
https://www.twitter.com,legitimate
http://spotify-password.com,phishing
http://amazon-upgrade.org,phishing
https://www.stackoverflow.com/help?id=12345,legitimate
https://www.spotify.com?q=search_term,legitimate
https://github.xyz/upgrade,phishing
https://yahoo.xyz/document,phishing
https://www.youtube.com/help?cat=electronics,legitimate
https://www.duckduckgo.com,legitimate
http://spotify-upgrade.net,phishing
https://www.linkedin.com?q=search_term,legitimate
https://www.adobe.com?id=12345,legitimate
https://www.ebay.com/blog/about?id=12345,legitimate
https://www.microsoft.com/support?q=search_term,legitimate
https://www.linkedin.com/help,legitimate
https://document(github.com,phishing
https://paypal.shop/confirm,phishing
https://www.nytimes.com,legitimate
https://youtube.shop/winner,phishing
https://www.paypal.com/about/products?q=search_term,legitimate
https://www.reddit.com/about/about,legitimate
http://www.github.urgent.org,phishing
http://facebook-verify.net,phishing
https://www.twitter.com/support/about?id=12345,legitimate
https://www.cnn.com,legitimate
https://www.netflix.com/help/blog?cat=electronics,legitimate
https://urgent)apple.com,phishing
https://www.nytimes.com/blog/products?q=search_term,legitimate
https://www.wikipedia.org/support,legitimate
https://www.amazon.com/support/help?cat=electronics,legitimate
http://spotify-invoice.org,phishing
https://www.microsoft.com,legitimate
https://www.github.com/support/support,legitimate
https://www.facebook.com,legitimate
http://www.youtube.invoice.org,phishing
http://www.linkedin.reset.net,phishing
http://www.paypal.bank.org,phishing
http://stackoverflow-bank.com,phishing
https://www.youtube.com/help?id=12345,legitimate
https://www.microsoft.com/support,legitimate
https://netflix.online/invoice,phishing
https://facebook.store/online,phishing
http://www.google.download.org,phishing
http://bbc-reset.net,phishing
https://www.linkedin.com/support?cat=electronics,legitimate
http://www.linkedin.security.org,phishing
https://www.paypal.com?cat=electronics,legitimate
https://bank*facebook.org,phishing
https://www.wikipedia.org?id=12345,legitimate
https://microsoft.online/invoice,phishing
https://www.microsoft.com/products/blog,legitimate
http://nytimes-winner.org,phishing
https://www.nytimes.com?q=search_term,legitimate
https://youtube.shop/prize,phishing
https://www.adobe.com/support/about?cat=electronics,legitimate
https://www.youtube.com/about/blog?cat=electronics,legitimate
http://duckduckgo-update.net,phishing
https://nytimes.store/document,phishing
http://duckduckgo-reset.net,phishing
https://www.amazon.com/blog/products?id=12345,legitimate
https://www.youtube.com?id=12345,legitimate
https://www.google.com?id=12345,legitimate
https://www.google.com/about,legitimate
https://upgrade)reddit.net,phishing
https://netflix.store/security,phishing
https://password.netflix.org,phishing
https://www.microsoft.com?cat=electronics,legitimate
http://facebook-clickhere.com,phishing
https://www.microsoft.com,legitimate
http://spotify-upgrade.org,phishing
https://www.netflix.com/about,legitimate
https://prize&microsoft.org,phishing
https://www.facebook.com/about?cat=electronics,legitimate
http://www.microsoft.urgent.org,phishing
https://reddit.store/security,phishing
http://www.yahoo.download.com,phishing
https://urgent@bbc.org,phishing
https://www.microsoft.com,legitimate
http://apple-password.org,phishing
https://www.linkedin.com/products,legitimate
https://payment!cnn.net,phishing
https://www.amazon.com,legitimate
https://www.cloudflare.com/products,legitimate
https://bbc.xyz/prize,phishing
https://www.reddit.com/products,legitimate
https://www.cloudflare.com/blog/about,legitimate
https://www.duckduckgo.com?cat=electronics,legitimate
https://www.youtube.com/help/about,legitimate
https://www.bbc.co.uk/about?q=search_term,legitimate
http://bbc-login.com,phishing
https://www.github.com/support/products?id=12345,legitimate
https://www.google.com/products?id=12345,legitimate
http://www.wikipedia.free.org,phishing
https://stackoverflow.online/payment,phishing
https://www.stackoverflow.com/support?q=search_term,legitimate
https://www.apple.com/products?id=12345,legitimate
https://www.paypal.com?id=12345,legitimate
https://www.paypal.com/support/blog,legitimate
https://www.cnn.com/help?id=12345,legitimate
http://www.apple.password.com,phishing
https://www.reddit.com/help/blog,legitimate
https://facebook.shop/reset,phishing
https://stackoverflow.xyz/winner,phishing
https://www.bbc.co.uk,legitimate
https://www.wikipedia.org/blog/help,legitimate
https://www.facebook.com/about/support,legitimate
https://www.nytimes.com/support/support?q=search_term,legitimate
https://upgrade*google.org,phishing
http://duckduckgo-free.org,phishing
https://www.ebay.com,legitimate
https://www.microsoft.com/about?id=12345,legitimate
https://www.spotify.com/products,legitimate
https://password=google.net,phishing
https://www.cnn.com/support,legitimate
https://www.stackoverflow.com/products,legitimate
https://www.bing.com?id=12345,legitimate
https://www.cloudflare.com,legitimate
http://www.google.online.org,phishing
https://yahoo.shop/invoice,phishing
https://www.ebay.com/support/products?cat=electronics,legitimate
https://bbc.online/free,phishing
https://www.github.com,legitimate
https://www.amazon.com,legitimate
http://www.bing.clickhere.org,phishing
https://upgrade!reddit.com,phishing
http://www.youtube.download.net,phishing
https://update.reddit.net,phishing
https://www.ebay.com?cat=electronics,legitimate
http://www.apple.prize.net,phishing
https://online~duckduckgo.net,phishing
https://www.wikipedia.org/help?cat=electronics,legitimate
http://google-online.com,phishing
https://www.apple.com/products,legitimate
https://bank=wikipedia.com,phishing
http://www.spotify.password.com,phishing
https://www.github.com,legitimate
https://www.instagram.com?q=search_term,legitimate
https://invoice@bing.net,phishing
https://www.netflix.com,legitimate
https://www.reddit.com/products/blog,legitimate
https://stackoverflow.online/password,phishing
https://www.nytimes.com/about/help?q=search_term,legitimate
http://spotify-download.org,phishing
https://cloudflare.store/invoice,phishing
https://microsoft.shop/confirm,phishing
https://www.wikipedia.org/blog/products,legitimate
http://www.ebay.payment.com,phishing
http://cnn-prize.com,phishing
http://www.microsoft.free.com,phishing
https://www.cnn.com/support/blog?id=12345,legitimate
https://cnn.store/winner,phishing
https://www.adobe.com/blog,legitimate
https://www.apple.com/blog?q=search_term,legitimate
https://www.ebay.com,legitimate
https://security~github.com,phishing
http://reddit-urgent.org,phishing
https://paypal.shop/upgrade,phishing
https://prize=adobe.com,phishing
https://www.bing.com/products/support?cat=electronics,legitimate
https://www.cloudflare.com/support/support,legitimate
http://www.apple.password.com,phishing
https://netflix.xyz/winner,phishing
https://free(spotify.com,phishing
https://duckduckgo.shop/payment,phishing
https://invoice_spotify.org,phishing
http://www.spotify.payment.org,phishing
https://bank$duckduckgo.com,phishing
https://www.linkedin.com/help?q=search_term,legitimate
https://www.cloudflare.com,legitimate
https://www.twitter.com/about/blog?cat=electronics,legitimate
http://bing-update.net,phishing
https://www.netflix.com/support/blog,legitimate
https://www.github.com/help/support?q=search_term,legitimate
https://document@duckduckgo.org,phishing
https://www.linkedin.com,legitimate
https://www.cnn.com/blog?q=search_term,legitimate
https://ebay.shop/confirm,phishing
http://www.github.verify.com,phishing
https://apple.shop/security,phishing
https://linkedin.online/invoice,phishing
https://www.linkedin.com?q=search_term,legitimate
http://apple-winner.org,phishing
https://www.youtube.com/about?id=12345,legitimate
https://ebay.shop/security,phishing
https://paypal.store/winner,phishing
http://google-clickhere.net,phishing
https://www.nytimes.com,legitimate
https://www.nytimes.com/products?cat=electronics,legitimate
https://paypal.online/upgrade,phishing
https://www.duckduckgo.com/blog?cat=electronics,legitimate
https://www.duckduckgo.com/support/about,legitimate
https://www.spotify.com?id=12345,legitimate
https://download)wikipedia.com,phishing
https://www.paypal.com/blog/products,legitimate
https://www.paypal.com,legitimate
https://www.ebay.com/blog/help?id=12345,legitimate
https://microsoft.shop/account,phishing
https://password%youtube.org,phishing
http://www.wikipedia.winner.com,phishing
https://www.youtube.com?q=search_term,legitimate
https://netflix.shop/urgent,phishing
https://www.twitter.com/help,legitimate
https://www.apple.com,legitimate
https://bbc.online/free,phishing
https://www.twitter.com/products/blog,legitimate
http://www.instagram.account.com,phishing
https://www.instagram.com/help?cat=electronics,legitimate
http://www.spotify.clickhere.com,phishing
https://bank~nytimes.com,phishing
https://document!yahoo.com,phishing
http://yahoo-download.org,phishing
https://www.google.com/products?id=12345,legitimate
https://www.amazon.com/help/about,legitimate
https://www.bing.com,legitimate
https://cnn.xyz/security,phishing
https://www.youtube.com/blog/blog,legitimate
https://invoice=cloudflare.com,phishing
https://password=duckduckgo.com,phishing
http://cloudflare-bank.com,phishing
https://www.bing.com/about/about,legitimate
https://www.paypal.com,legitimate
https://security=cloudflare.net,phishing
https://stackoverflow.store/payment,phishing
https://www.paypal.com/help/about?q=search_term,legitimate
http://www.netflix.invoice.org,phishing
https://www.spotify.com/about/support?id=12345,legitimate
https://www.bing.com/blog,legitimate
https://www.cnn.com/help?cat=electronics,legitimate
https://www.apple.com/support,legitimate
https://winner@github.com,phishing
https://ebay.shop/verify,phishing
https://free@amazon.com,phishing
http://ebay-upgrade.org,phishing
https://www.bing.com/about?cat=electronics,legitimate
https://www.stackoverflow.com/help/blog,legitimate
https://adobe.xyz/security,phishing
https://www.duckduckgo.com/support/products,legitimate
https://instagram.shop/document,phishing
http://youtube-account.net,phishing
https://www.bbc.co.uk?cat=electronics,legitimate
http://www.twitter.account.org,phishing
https://www.stackoverflow.com?q=search_term,legitimate
https://winner(linkedin.org,phishing
https://www.nytimes.com/products?q=search_term,legitimate
https://invoice.paypal.net,phishing
https://www.twitter.com,legitimate
http://www.bing.online.net,phishing
https://security=twitter.com,phishing
https://github.online/urgent,phishing
http://www.wikipedia.document.com,phishing
https://www.paypal.com/help/help,legitimate
https://winner$wikipedia.org,phishing
http://www.nytimes.online.net,phishing
https://www.cnn.com?cat=electronics,legitimate
https://prize$yahoo.net,phishing
https://duckduckgo.store/account,phishing
https://nytimes.online/clickhere,phishing
http://spotify-upgrade.com,phishing
https://www.ebay.com/support,legitimate
https://winner*paypal.com,phishing
https://www.ebay.com/blog?cat=electronics,legitimate
https://www.google.com/support?id=12345,legitimate
https://www.ebay.com/products?cat=electronics,legitimate
https://www.wikipedia.org/blog/help?id=12345,legitimate
https://instagram.shop/bank,phishing
https://www.netflix.com/blog,legitimate
http://www.yahoo.confirm.org,phishing
https://invoice~nytimes.com,phishing
https://www.apple.com/about/products,legitimate
http://cloudflare-reset.org,phishing
https://www.linkedin.com,legitimate
https://upgrade.youtube.com,phishing
https://www.bing.com,legitimate
http://www.cloudflare.bank.com,phishing
http://twitter-prize.com,phishing
https://www.twitter.com,legitimate
https://linkedin.shop/invoice,phishing
https://www.adobe.com/about?q=search_term,legitimate
http://google-update.com,phishing
https://www.duckduckgo.com,legitimate
https://www.duckduckgo.com/blog?cat=electronics,legitimate
https://bbc.shop/upgrade,phishing
https://www.yahoo.com,legitimate
http://adobe-confirm.com,phishing
https://free%ebay.com,phishing
https://www.netflix.com/about,legitimate
https://www.netflix.com/products?cat=electronics,legitimate
http://github-upgrade.com,phishing
https://www.netflix.com,legitimate
https://www.bbc.co.uk/help,legitimate
https://www.stackoverflow.com/help,legitimate
https://nytimes.online/password,phishing
https://spotify.store/download,phishing
https://www.apple.com/help,legitimate
http://www.stackoverflow.document.net,phishing
https://www.twitter.com/about/support,legitimate
https://prize~bing.net,phishing
https://www.adobe.com,legitimate
https://netflix.xyz/upgrade,phishing
https://www.ebay.com/products/blog?cat=electronics,legitimate
https://reddit.shop/upgrade,phishing
https://prize_twitter.org,phishing
https://reset.reddit.com,phishing
https://www.paypal.com/products/support?q=search_term,legitimate
http://cnn-bank.net,phishing
http://paypal-free.org,phishing
http://www.ebay.upgrade.org,phishing
https://login_cloudflare.com,phishing
http://amazon-account.org,phishing
https://account_nytimes.org,phishing
https://instagram.shop/update,phishing
http://youtube-verify.com,phishing
https://invoice)netflix.net,phishing
https://www.github.com,legitimate
https://www.twitter.com?id=12345,legitimate
https://linkedin.store/online,phishing
http://google-payment.net,phishing
https://wikipedia.store/free,phishing
https://www.bing.com/about/about?cat=electronics,legitimate
https://www.twitter.com,legitimate
https://bing.xyz/winner,phishing
https://www.ebay.com/products?q=search_term,legitimate
http://bing-password.net,phishing
https://www.paypal.com/support?id=12345,legitimate
https://www.bing.com,legitimate
http://cloudflare-free.net,phishing
https://www.github.com,legitimate
https://www.github.com/products/products?id=12345,legitimate
https://www.paypal.com,legitimate
http://cnn-security.com,phishing
https://www.cnn.com/support?cat=electronics,legitimate
https://www.linkedin.com,legitimate
https://password_yahoo.org,phishing
https://www.adobe.com/blog?cat=electronics,legitimate
http://www.ebay.security.net,phishing
https://www.ebay.com/support,legitimate
https://stackoverflow.store/document,phishing
http://instagram-update.org,phishing
https://www.stackoverflow.com/products,legitimate
https://download=stackoverflow.org,phishing
https://free-nytimes.com,phishing
http://cnn-winner.net,phishing
https://www.ebay.com,legitimate
https://reset*apple.org,phishing
https://www.github.com/support/support,legitimate
https://www.spotify.com/products/blog,legitimate
https://www.instagram.com/support/about,legitimate
http://www.cnn.security.net,phishing
https://free@reddit.org,phishing
https://invoice&ebay.com,phishing
http://adobe-login.net,phishing
https://www.yahoo.com?q=search_term,legitimate
https://www.cloudflare.com/products/help,legitimate
https://www.wikipedia.org/help/products?q=search_term,legitimate
https://www.apple.com/blog/support,legitimate
https://password.cnn.com,phishing
https://password.cnn.net,phishing
http://www.reddit.confirm.org,phishing
https://download-youtube.com,phishing
https://www.ebay.com/products,legitimate
https://www.cnn.com/support?cat=electronics,legitimate
https://twitter.online/payment,phishing
https://spotify.xyz/download,phishing
http://www.reddit.document.com,phishing
https://www.bing.com/products/support?q=search_term,legitimate
https://www.microsoft.com/products,legitimate
https://adobe.shop/urgent,phishing
https://facebook.xyz/prize,phishing
https://update%stackoverflow.org,phishing
https://google.store/upgrade,phishing
https://bbc.xyz/prize,phishing
https://www.facebook.com?id=12345,legitimate
https://www.duckduckgo.com/about/support?id=12345,legitimate
http://www.linkedin.online.org,phishing
https://www.yahoo.com/help/blog?id=12345,legitimate
https://apple.online/winner,phishing
http://www.wikipedia.free.net,phishing
https://www.cloudflare.com,legitimate
http://bing-invoice.com,phishing
https://reset=reddit.net,phishing
https://payment*instagram.org,phishing
https://www.ebay.com,legitimate
https://www.facebook.com?cat=electronics,legitimate
https://www.github.com/products/support?cat=electronics,legitimate
https://www.adobe.com/help,legitimate
https://bbc.shop/online,phishing
https://youtube.store/online,phishing
http://www.ebay.password.net,phishing
https://google.xyz/bank,phishing
https://www.apple.com/support,legitimate
https://www.nytimes.com/blog/about?q=search_term,legitimate
https://www.duckduckgo.com?q=search_term,legitimate
https://www.netflix.com/help,legitimate
https://www.duckduckgo.com/about/blog,legitimate
http://www.bbc.payment.net,phishing
http://linkedin-invoice.com,phishing
https://www.apple.com?cat=electronics,legitimate
https://bank@apple.net,phishing
http://wikipedia-online.net,phishing
http://www.instagram.upgrade.org,phishing
https://duckduckgo.online/clickhere,phishing
http://www.google.bank.org,phishing
https://www.apple.com/blog/blog,legitimate
https://www.github.com/help,legitimate
https://www.cloudflare.com,legitimate
https://www.google.com/products/help?cat=electronics,legitimate
https://reset)spotify.net,phishing
https://ebay.online/document,phishing
https://www.bing.com/about/blog,legitimate
https://www.cloudflare.com/products/about,legitimate
https://www.netflix.com/blog,legitimate
https://www.cnn.com/support/about?cat=electronics,legitimate
https://www.reddit.com/about?q=search_term,legitimate
https://ebay.shop/prize,phishing
http://www.bbc.security.net,phishing
https://www.instagram.com/products/about?q=search_term,legitimate
https://www.yahoo.com,legitimate
https://login)github.net,phishing
https://www.spotify.com/products,legitimate
https://www.microsoft.com/products?q=search_term,legitimate
http://www.yahoo.confirm.org,phishing
https://twitter.shop/password,phishing
http://www.cloudflare.account.com,phishing
https://www.bbc.co.uk/help/blog?id=12345,legitimate
https://reset@duckduckgo.org,phishing
http://netflix-password.org,phishing
https://www.wikipedia.org/blog/about?q=search_term,legitimate
http://www.netflix.online.org,phishing
https://stackoverflow.xyz/login,phishing
https://www.google.com?id=12345,legitimate
https://www.reddit.com,legitimate
https://www.stackoverflow.com,legitimate
http://nytimes-bank.org,phishing
https://www.spotify.com/products?cat=electronics,legitimate
https://www.google.com,legitimate
http://bbc-upgrade.net,phishing
https://password_google.org,phishing
https://wikipedia.online/free,phishing
https://www.adobe.com/about/blog?q=search_term,legitimate
https://www.spotify.com/support/products?cat=electronics,legitimate
https://www.wikipedia.org,legitimate
http://www.yahoo.verify.org,phishing
https://www.bing.com/support?id=12345,legitimate
https://download-microsoft.com,phishing
http://wikipedia-prize.com,phishing
https://paypal.online/login,phishing
https://www.youtube.com,legitimate
https://www.microsoft.com/help,legitimate
https://security~facebook.com,phishing
https://www.adobe.com,legitimate
https://security(bing.org,phishing
http://www.yahoo.security.com,phishing
https://upgrade!yahoo.com,phishing
http://cnn-download.com,phishing
https://login%ebay.com,phishing
https://wikipedia.store/prize,phishing
https://www.google.com/about,legitimate
https://www.netflix.com/help/support,legitimate
https://www.nytimes.com/about?cat=electronics,legitimate
https://www.bbc.co.uk/about/help,legitimate
http://www.microsoft.upgrade.com,phishing
https://www.twitter.com?cat=electronics,legitimate
http://www.bing.login.com,phishing
https://www.duckduckgo.com?cat=electronics,legitimate
https://www.nytimes.com/blog,legitimate
http://bing-clickhere.org,phishing
https://www.nytimes.com/blog?q=search_term,legitimate
https://www.bing.com/support/products,legitimate
https://yahoo.store/login,phishing
https://www.reddit.com,legitimate
https://www.github.com/blog,legitimate
https://reset*instagram.org,phishing
https://www.netflix.com/about?cat=electronics,legitimate
https://www.ebay.com/blog/support?cat=electronics,legitimate
https://www.bing.com/blog/products,legitimate
http://wikipedia-invoice.com,phishing
https://www.paypal.com/products?q=search_term,legitimate
https://www.instagram.com/support/about,legitimate
https://www.yahoo.com/help,legitimate
https://paypal.xyz/free,phishing
http://www.wikipedia.invoice.net,phishing
https://www.twitter.com/about/about,legitimate
https://www.spotify.com/support?id=12345,legitimate
http://spotify-reset.net,phishing
https://invoice~twitter.net,phishing
https://www.youtube.com/help,legitimate
https://www.linkedin.com/support/help?q=search_term,legitimate
https://www.stackoverflow.com/blog/support,legitimate
https://www.facebook.com,legitimate
https://www.google.com/support/blog,legitimate
http://www.bbc.account.org,phishing
http://www.duckduckgo.update.net,phishing
https://www.bbc.co.uk?id=12345,legitimate
https://clickhere@twitter.org,phishing
https://www.nytimes.com/products,legitimate
https://www.github.com/blog?cat=electronics,legitimate
https://www.reddit.com/products,legitimate
https://www.linkedin.com?id=12345,legitimate
https://www.google.com/products?id=12345,legitimate
https://bbc.xyz/security,phishing
https://www.duckduckgo.com/about,legitimate
https://facebook.shop/online,phishing
http://www.bbc.clickhere.org,phishing
https://github.store/free,phishing
https://www.twitter.com/help?id=12345,legitimate
https://bing.xyz/urgent,phishing
https://www.wikipedia.org?id=12345,legitimate
http://cloudflare-clickhere.net,phishing
http://www.bing.confirm.org,phishing
https://login*stackoverflow.com,phishing
https://winner)youtube.org,phishing
https://www.amazon.com/blog/about,legitimate
http://www.stackoverflow.bank.com,phishing
https://confirm@paypal.net,phishing
https://www.ebay.com/blog/help?cat=electronics,legitimate
https://www.amazon.com/products?q=search_term,legitimate
https://bank!spotify.com,phishing
http://www.github.winner.net,phishing
http://www.spotify.password.com,phishing
https://www.paypal.com/support?cat=electronics,legitimate
https://www.stackoverflow.com/products,legitimate
https://www.microsoft.com/support,legitimate
https://instagram.store/account,phishing
https://netflix.xyz/reset,phishing
https://www.paypal.com/blog?id=12345,legitimate
https://www.microsoft.com/products/products?id=12345,legitimate
https://bbc.shop/reset,phishing
https://www.apple.com/about,legitimate
https://www.youtube.com/products,legitimate
https://payment*amazon.net,phishing
https://www.cloudflare.com/about/blog?id=12345,legitimate
https://facebook.online/clickhere,phishing
http://cnn-payment.com,phishing
https://www.stackoverflow.com/blog,legitimate
https://www.wikipedia.org,legitimate
https://www.github.com/help/about,legitimate
https://www.bing.com/blog,legitimate
https://www.bbc.co.uk/products/support?cat=electronics,legitimate
http://twitter-reset.com,phishing
https://www.adobe.com/help,legitimate
http://facebook-security.org,phishing
http://stackoverflow-prize.com,phishing
https://netflix.online/online,phishing
http://bing-password.com,phishing
http://www.apple.security.net,phishing
https://www.microsoft.com/support?q=search_term,legitimate
https://www.youtube.com?cat=electronics,legitimate
http://netflix-winner.net,phishing
https://www.cnn.com?cat=electronics,legitimate
https://login!spotify.com,phishing
https://login*spotify.org,phishing
https://apple.store/login,phishing
http://www.spotify.login.com,phishing
https://www.ebay.com/blog?cat=electronics,legitimate
http://facebook-update.net,phishing
https://invoice)twitter.com,phishing
https://www.paypal.com/help/help?cat=electronics,legitimate
https://bbc.shop/invoice,phishing
https://www.twitter.com/blog/products,legitimate
http://www.google.online.net,phishing
https://payment)facebook.com,phishing
https://www.reddit.com?cat=electronics,legitimate
https://www.instagram.com?id=12345,legitimate
https://www.cloudflare.com/support?cat=electronics,legitimate
https://www.spotify.com?q=search_term,legitimate
https://www.facebook.com/help?id=12345,legitimate
http://twitter-security.net,phishing
http://www.apple.reset.org,phishing
http://apple-winner.com,phishing
https://www.spotify.com/blog,legitimate
http://www.cnn.download.net,phishing
http://www.cloudflare.invoice.com,phishing
http://www.github.update.net,phishing
https://www.reddit.com/support/about,legitimate
https://www.cloudflare.com/products/help,legitimate
http://www.amazon.urgent.org,phishing
https://www.yahoo.com/help,legitimate
http://www.wikipedia.password.org,phishing
https://www.github.com/support/about?id=12345,legitimate
https://reset*microsoft.com,phishing
https://www.microsoft.com/support?cat=electronics,legitimate
https://www.cloudflare.com,legitimate
http://www.facebook.login.com,phishing
https://www.reddit.com?id=12345,legitimate
https://www.nytimes.com/about,legitimate
https://www.duckduckgo.com,legitimate
http://twitter-upgrade.com,phishing
https://account)adobe.com,phishing
https://www.nytimes.com/about,legitimate
http://yahoo-prize.org,phishing
http://facebook-online.net,phishing
http://wikipedia-account.com,phishing
https://instagram.online/upgrade,phishing
https://www.bing.com,legitimate
http://www.spotify.invoice.com,phishing
https://www.stackoverflow.com?cat=electronics,legitimate
https://stackoverflow.online/confirm,phishing
http://ebay-free.org,phishing
https://www.youtube.com/about/help,legitimate
http://bbc-security.com,phishing
http://github-upgrade.org,phishing
https://reset=linkedin.org,phishing
http://bing-upgrade.org,phishing
https://www.twitter.com/help/blog,legitimate
https://paypal.shop/clickhere,phishing
https://www.yahoo.com,legitimate
http://www.nytimes.confirm.com,phishing
http://nytimes-account.org,phishing
https://www.spotify.com/blog?cat=electronics,legitimate
https://urgent-google.com,phishing
http://microsoft-confirm.org,phishing
https://www.google.com/help,legitimate
https://www.netflix.com,legitimate
https://www.twitter.com,legitimate
https://reset@amazon.org,phishing
http://google-bank.org,phishing
https://www.wikipedia.org/products/support?id=12345,legitimate
https://www.bing.com,legitimate
http://www.yahoo.prize.net,phishing
https://www.google.com,legitimate
https://www.spotify.com?id=12345,legitimate
https://www.instagram.com/help,legitimate
http://netflix-winner.org,phishing
https://www.youtube.com,legitimate
https://microsoft.shop/invoice,phishing
https://github.online/download,phishing
https://netflix.online/security,phishing
http://ebay-account.com,phishing
https://www.facebook.com/help/about?q=search_term,legitimate
http://www.github.download.org,phishing
http://facebook-clickhere.org,phishing
https://www.google.com?q=search_term,legitimate
https://stackoverflow.store/upgrade,phishing
https://bbc.store/clickhere,phishing
https://www.duckduckgo.com?q=search_term,legitimate
http://twitter-confirm.org,phishing
https://www.yahoo.com?cat=electronics,legitimate
https://www.yahoo.com/support/products,legitimate
https://www.linkedin.com,legitimate
https://www.cnn.com/blog/blog?id=12345,legitimate
http://linkedin-login.org,phishing
https://www.facebook.com,legitimate
https://www.bbc.co.uk/support/about?q=search_term,legitimate
https://www.yahoo.com,legitimate
http://www.youtube.clickhere.net,phishing
https://www.apple.com/support?id=12345,legitimate
https://www.yahoo.com/about,legitimate
https://prize@paypal.com,phishing
https://www.yahoo.com/help,legitimate
https://www.linkedin.com/help,legitimate
http://www.facebook.update.com,phishing
https://stackoverflow.xyz/online,phishing
https://www.stackoverflow.com,legitimate
http://www.google.clickhere.net,phishing
https://instagram.shop/reset,phishing
https://www.google.com?id=12345,legitimate
https://www.bing.com,legitimate
http://facebook-download.net,phishing
https://www.instagram.com,legitimate
https://www.bing.com/about?id=12345,legitimate
https://www.linkedin.com/support?q=search_term,legitimate
https://www.linkedin.com/blog,legitimate
https://www.adobe.com/products,legitimate
https://www.ebay.com/blog/blog?id=12345,legitimate
https://www.bbc.co.uk/support?id=12345,legitimate
https://www.amazon.com?id=12345,legitimate
https://confirm)spotify.com,phishing
https://www.linkedin.com/products/products,legitimate
https://www.netflix.com?cat=electronics,legitimate
https://www.microsoft.com/help/help?id=12345,legitimate
https://confirm*twitter.net,phishing
https://verify*linkedin.org,phishing
https://www.facebook.com/products,legitimate
https://www.yahoo.com/help,legitimate
https://www.reddit.com/support?q=search_term,legitimate
https://bank%netflix.com,phishing
https://www.spotify.com/help?id=12345,legitimate
https://www.instagram.com,legitimate
https://netflix.shop/invoice,phishing
https://online!duckduckgo.com,phishing
https://www.youtube.com/help,legitimate
https://www.linkedin.com/blog?q=search_term,legitimate
https://www.bbc.co.uk,legitimate
https://www.spotify.com?q=search_term,legitimate
https://yahoo.xyz/urgent,phishing
http://www.github.confirm.com,phishing
https://www.duckduckgo.com/about/blog?id=12345,legitimate
http://github-document.com,phishing
https://yahoo.store/document,phishing
https://www.apple.com/products?cat=electronics,legitimate
https://www.wikipedia.org?id=12345,legitimate
https://www.amazon.com/about?q=search_term,legitimate
https://www.bing.com/blog/products,legitimate
https://www.spotify.com,legitimate
https://www.twitter.com?id=12345,legitimate
https://www.duckduckgo.com?cat=electronics,legitimate
https://adobe.xyz/verify,phishing
https://www.linkedin.com/about,legitimate
https://www.duckduckgo.com/support/support?cat=electronics,legitimate
http://www.stackoverflow.login.com,phishing
https://www.paypal.com,legitimate
https://adobe.xyz/payment,phishing
https://www.yahoo.com/help/support,legitimate
https://prize.microsoft.net,phishing
https://prize*github.org,phishing
http://twitter-invoice.com,phishing
http://github-payment.com,phishing
https://www.stackoverflow.com/blog?q=search_term,legitimate
https://www.reddit.com/help?id=12345,legitimate
http://nytimes-account.net,phishing
http://nytimes-payment.com,phishing
https://www.apple.com?id=12345,legitimate
https://www.netflix.com,legitimate
https://prize*github.com,phishing
https://update=github.net,phishing
https://microsoft.online/upgrade,phishing
https://www.microsoft.com,legitimate
http://yahoo-update.net,phishing
https://www.paypal.com/blog/blog,legitimate
https://www.bing.com,legitimate
https://www.ebay.com/blog,legitimate
https://www.github.com/blog,legitimate
https://cloudflare.shop/update,phishing
http://github-document.net,phishing
https://www.spotify.com?cat=electronics,legitimate
http://www.duckduckgo.reset.com,phishing
https://download~spotify.com,phishing
https://www.linkedin.com/help?q=search_term,legitimate
https://www.apple.com/blog,legitimate
http://facebook-reset.net,phishing
https://stackoverflow.shop/upgrade,phishing
https://www.wikipedia.org/products,legitimate
https://www.twitter.com/about?cat=electronics,legitimate
http://instagram-urgent.net,phishing
https://paypal.xyz/free,phishing
https://www.wikipedia.org,legitimate
https://www.ebay.com/help/blog?id=12345,legitimate
https://www.wikipedia.org/blog,legitimate
https://twitter.store/verify,phishing
https://urgent$apple.net,phishing
https://www.amazon.com/about/about?cat=electronics,legitimate
https://www.paypal.com/support/blog?q=search_term,legitimate
http://apple-verify.net,phishing
https://www.netflix.com/products/about?id=12345,legitimate
https://payment~youtube.net,phishing
http://www.adobe.update.net,phishing
https://linkedin.store/document,phishing
https://www.netflix.com/help/about,legitimate
https://www.apple.com/products/support,legitimate
https://verify&nytimes.com,phishing
https://www.reddit.com/support?q=search_term,legitimate
http://apple-winner.com,phishing
https://www.paypal.com/help,legitimate
https://bank$nytimes.com,phishing
https://www.instagram.com?id=12345,legitimate
https://download.facebook.com,phishing
https://www.amazon.com/blog?cat=electronics,legitimate
http://www.adobe.update.org,phishing
https://urgent~nytimes.org,phishing
http://www.ebay.download.org,phishing
http://www.google.confirm.com,phishing
https://microsoft.store/free,phishing
https://free~bbc.com,phishing
https://www.bbc.co.uk,legitimate
https://www.github.com?q=search_term,legitimate
https://nytimes.shop/urgent,phishing
https://clickhere~google.net,phishing
https://www.stackoverflow.com/support?cat=electronics,legitimate
https://www.duckduckgo.com?q=search_term,legitimate
http://www.nytimes.urgent.com,phishing
https://wikipedia.store/reset,phishing
https://payment&adobe.com,phishing
https://login$bbc.net,phishing
https://www.cnn.com/products/help?cat=electronics,legitimate
https://www.instagram.com?id=12345,legitimate
http://www.github.clickhere.com,phishing
https://www.github.com/products?q=search_term,legitimate
https://reddit.shop/prize,phishing
https://login&linkedin.org,phishing
http://www.microsoft.bank.com,phishing
https://www.netflix.com,legitimate
https://www.paypal.com/about/blog,legitimate
http://www.bbc.confirm.org,phishing
https://security-instagram.com,phishing
https://www.nytimes.com,legitimate
http://www.adobe.online.net,phishing
http://paypal-online.org,phishing
https://password.ebay.com,phishing
https://www.apple.com?id=12345,legitimate
https://github.store/online,phishing
https://www.duckduckgo.com?id=12345,legitimate
http://www.github.security.org,phishing
https://www.duckduckgo.com?id=12345,legitimate
https://github.store/online,phishing
https://www.google.com/products/products?q=search_term,legitimate
https://bank*spotify.org,phishing
http://reddit-reset.com,phishing
https://www.duckduckgo.com,legitimate
http://www.twitter.prize.com,phishing
https://download=stackoverflow.com,phishing
http://www.ebay.invoice.org,phishing
https://facebook.store/download,phishing
http://www.stackoverflow.security.com,phishing
https://upgrade&spotify.org,phishing
https://update.duckduckgo.com,phishing
https://www.duckduckgo.com/blog/support?id=12345,legitimate
https://www.stackoverflow.com/blog?cat=electronics,legitimate
http://apple-update.com,phishing
http://netflix-clickhere.org,phishing
https://prize$adobe.com,phishing
http://microsoft-update.com,phishing
https://www.github.com?id=12345,legitimate
https://online(linkedin.net,phishing
https://verify$yahoo.net,phishing
https://www.stackoverflow.com/products/blog,legitimate
https://bbc.online/security,phishing
https://winner.ebay.org,phishing
http://www.cloudflare.free.net,phishing
https://www.facebook.com/about,legitimate
https://invoice.stackoverflow.net,phishing
https://www.facebook.com/support?cat=electronics,legitimate
https://www.google.com/help/products,legitimate
https://www.linkedin.com/about,legitimate
https://update(yahoo.com,phishing
http://cnn-confirm.net,phishing
https://account(amazon.net,phishing
https://www.cnn.com,legitimate
https://cloudflare.online/account,phishing
https://www.youtube.com,legitimate
https://www.spotify.com/about/about,legitimate
https://facebook.shop/update,phishing
http://facebook-free.org,phishing
http://www.linkedin.reset.net,phishing
https://security@wikipedia.com,phishing
http://facebook-prize.com,phishing
https://free=netflix.com,phishing
https://www.cloudflare.com/about/blog?id=12345,legitimate
http://spotify-verify.org,phishing
https://password.apple.net,phishing
https://www.microsoft.com,legitimate
https://www.bing.com/about/about,legitimate
http://www.stackoverflow.security.org,phishing
https://www.microsoft.com/about,legitimate
https://www.wikipedia.org/products,legitimate
https://wikipedia.store/document,phishing
http://www.stackoverflow.account.com,phishing
http://nytimes-reset.net,phishing
https://www.duckduckgo.com/about/products?q=search_term,legitimate
https://www.youtube.com/products/support?cat=electronics,legitimate
https://www.apple.com/blog,legitimate
https://www.bbc.co.uk/products,legitimate
http://www.adobe.free.net,phishing
https://www.adobe.com?id=12345,legitimate
http://www.spotify.account.com,phishing
https://www.microsoft.com,legitimate
http://www.stackoverflow.document.org,phishing
https://www.bbc.co.uk/support/help,legitimate
https://www.adobe.com/products?q=search_term,legitimate
https://cnn.xyz/online,phishing
https://prize_bing.com,phishing
http://nytimes-clickhere.net,phishing
http://www.cloudflare.free.net,phishing
https://www.paypal.com,legitimate
https://google.online/bank,phishing
https://www.bing.com/blog/products,legitimate
http://cloudflare-security.org,phishing
https://upgrade!wikipedia.com,phishing
https://www.microsoft.com?q=search_term,legitimate
https://www.bing.com/blog,legitimate
http://www.ebay.verify.com,phishing
https://www.microsoft.com,legitimate
https://www.youtube.com/help,legitimate
http://www.bbc.prize.com,phishing
http://www.github.password.org,phishing
https://www.netflix.com,legitimate
https://www.microsoft.com?q=search_term,legitimate
http://www.apple.confirm.org,phishing
https://www.ebay.com/blog/products,legitimate
https://www.apple.com?cat=electronics,legitimate
https://linkedin.store/confirm,phishing
https://cnn.online/reset,phishing
https://www.nytimes.com/about/help,legitimate
https://download_yahoo.net,phishing
https://account~youtube.org,phishing
https://netflix.online/upgrade,phishing
https://www.wikipedia.org/products,legitimate
https://reset(facebook.net,phishing
https://www.cnn.com/support?q=search_term,legitimate
https://www.instagram.com/help/support?cat=electronics,legitimate
https://www.cloudflare.com/support/help,legitimate
http://www.paypal.prize.net,phishing
http://instagram-prize.net,phishing
http://apple-payment.net,phishing
https://prize-duckduckgo.com,phishing
https://www.spotify.com?cat=electronics,legitimate
https://www.duckduckgo.com,legitimate
https://www.wikipedia.org?id=12345,legitimate
https://www.google.com/products?id=12345,legitimate
https://bing.xyz/password,phishing
https://instagram.store/download,phishing
https://www.adobe.com/support,legitimate
http://www.linkedin.clickhere.net,phishing
http://reddit-reset.net,phishing
https://instagram.store/verify,phishing
http://www.stackoverflow.prize.org,phishing
https://www.amazon.com/products?cat=electronics,legitimate
http://spotify-verify.com,phishing
https://www.paypal.com/help?cat=electronics,legitimate
https://cnn.online/account,phishing
https://www.stackoverflow.com/help,legitimate
https://cnn.xyz/winner,phishing
https://www.bbc.co.uk/blog?id=12345,legitimate
https://duckduckgo.xyz/prize,phishing
https://www.stackoverflow.com,legitimate
https://www.yahoo.com/products/about,legitimate
https://www.bbc.co.uk/support/support,legitimate
https://www.amazon.com/help?cat=electronics,legitimate
https://www.twitter.com/about?cat=electronics,legitimate
https://www.twitter.com/support?cat=electronics,legitimate
https://bing.store/login,phishing
https://www.ebay.com/about,legitimate
https://www.github.com?q=search_term,legitimate
https://security-facebook.net,phishing
https://www.netflix.com,legitimate
https://www.spotify.com/support,legitimate
https://netflix.shop/clickhere,phishing
https://password@netflix.com,phishing
https://instagram.xyz/online,phishing
https://reddit.shop/confirm,phishing
https://www.bbc.co.uk/support/products?cat=electronics,legitimate
https://login&yahoo.net,phishing
http://www.duckduckgo.winner.com,phishing
https://verify=bbc.com,phishing
https://document$instagram.com,phishing
https://microsoft.xyz/upgrade,phishing
https://bing.store/download,phishing
http://www.instagram.password.org,phishing
https://www.adobe.com,legitimate
https://www.github.com/products/help,legitimate
https://www.ebay.com/products,legitimate
https://www.linkedin.com,legitimate
https://payment(microsoft.com,phishing
https://confirm)yahoo.org,phishing
https://www.cloudflare.com/products/about,legitimate
http://cloudflare-password.com,phishing
https://www.ebay.com/blog,legitimate
http://www.wikipedia.password.org,phishing
http://google-clickhere.com,phishing
https://www.stackoverflow.com/help,legitimate
http://duckduckgo-security.org,phishing
http://www.spotify.download.net,phishing
https://ebay.xyz/invoice,phishing
https://www.linkedin.com?cat=electronics,legitimate
https://www.bing.com/about/support?q=search_term,legitimate
http://www.nytimes.invoice.net,phishing
https://www.nytimes.com,legitimate
https://www.bbc.co.uk,legitimate
https://www.bing.com,legitimate
http://adobe-clickhere.org,phishing
https://www.facebook.com?q=search_term,legitimate
https://www.spotify.com/help/blog?q=search_term,legitimate
https://www.apple.com/help/about?cat=electronics,legitimate
https://www.cnn.com/products/support?q=search_term,legitimate
http://stackoverflow-payment.org,phishing
https://amazon.xyz/update,phishing
https://www.twitter.com/help/products,legitimate
https://www.spotify.com/products?cat=electronics,legitimate
https://www.youtube.com/about/products,legitimate
http://www.youtube.account.net,phishing
https://www.spotify.com/blog/products?q=search_term,legitimate
https://www.adobe.com/help,legitimate
http://www.microsoft.document.org,phishing
https://www.twitter.com,legitimate
http://www.nytimes.bank.net,phishing
https://www.bing.com/support/support,legitimate
https://upgrade@microsoft.com,phishing
https://password!ebay.com,phishing
https://bbc.xyz/account,phishing
https://cnn.online/payment,phishing
https://bbc.xyz/security,phishing
http://linkedin-clickhere.net,phishing
http://www.paypal.account.com,phishing
https://spotify.online/confirm,phishing
http://www.yahoo.urgent.org,phishing
https://www.stackoverflow.com/support,legitimate
https://www.microsoft.com/help/about?q=search_term,legitimate
https://www.duckduckgo.com/support/blog?id=12345,legitimate
https://bing.store/upgrade,phishing
https://www.yahoo.com/products/about,legitimate
https://www.google.com?q=search_term,legitimate
https://reset.github.net,phishing
https://adobe.xyz/upgrade,phishing
https://www.github.com/products/products?cat=electronics,legitimate
https://wikipedia.shop/update,phishing
https://twitter.store/login,phishing
https://www.adobe.com/about/help?q=search_term,legitimate
https://www.facebook.com,legitimate
https://reset-facebook.org,phishing
http://github-prize.com,phishing
https://www.netflix.com/help,legitimate
https://www.google.com,legitimate
https://www.bing.com?id=12345,legitimate
https://www.nytimes.com,legitimate
http://www.reddit.account.net,phishing
http://wikipedia-invoice.org,phishing
https://www.spotify.com?id=12345,legitimate
https://www.adobe.com/support?cat=electronics,legitimate
https://www.cnn.com/blog/help,legitimate
https://www.bing.com/support/blog,legitimate
https://www.duckduckgo.com/blog,legitimate
https://www.duckduckgo.com,legitimate
https://www.amazon.com/about/about,legitimate
https://verify$nytimes.com,phishing
http://www.microsoft.login.net,phishing
https://amazon.xyz/bank,phishing
https://www.reddit.com/help/support?id=12345,legitimate
http://www.twitter.prize.org,phishing
https://www.ebay.com,legitimate
http://www.instagram.verify.net,phishing
http://www.github.winner.net,phishing
https://www.youtube.com/about,legitimate
https://www.cnn.com/products/blog?q=search_term,legitimate
https://www.linkedin.com/blog?id=12345,legitimate
https://www.yahoo.com/support/about?cat=electronics,legitimate
https://www.spotify.com/help,legitimate
https://www.apple.com?cat=electronics,legitimate
https://www.amazon.com?id=12345,legitimate
http://www.amazon.password.net,phishing
https://www.spotify.com/support/help,legitimate
https://www.nytimes.com/help/support,legitimate
http://www.google.prize.org,phishing
https://www.spotify.com,legitimate
https://www.twitter.com/help,legitimate
https://www.stackoverflow.com/support/about,legitimate
https://www.google.com/about/support,legitimate
https://cnn.shop/login,phishing
https://microsoft.shop/prize,phishing
https://apple.store/invoice,phishing
http://www.amazon.payment.com,phishing
https://yahoo.online/prize,phishing
https://www.stackoverflow.com,legitimate
https://www.nytimes.com/products/help,legitimate
https://document-instagram.com,phishing
http://nytimes-login.com,phishing
https://facebook.shop/urgent,phishing
https://www.instagram.com/about,legitimate
https://www.ebay.com/products,legitimate
https://bing.store/reset,phishing
https://www.twitter.com/blog,legitimate
https://www.adobe.com?q=search_term,legitimate
https://github.store/security,phishing
https://prize.paypal.com,phishing
https://www.reddit.com?id=12345,legitimate
http://bbc-download.net,phishing
https://www.yahoo.com/about?id=12345,legitimate
https://spotify.xyz/bank,phishing
https://www.linkedin.com/products/support,legitimate
http://spotify-login.com,phishing
https://adobe.store/free,phishing
https://bbc.shop/online,phishing
https://www.bbc.co.uk/help/products,legitimate
https://www.yahoo.com/support,legitimate
https://www.spotify.com/help?id=12345,legitimate
https://github.online/urgent,phishing
https://adobe.xyz/login,phishing
https://www.nytimes.com?id=12345,legitimate
http://nytimes-payment.net,phishing
https://www.adobe.com?id=12345,legitimate
https://www.bing.com?id=12345,legitimate
http://paypal-account.com,phishing
http://microsoft-online.com,phishing
https://account*paypal.org,phishing
https://netflix.store/account,phishing
https://www.twitter.com,legitimate
https://youtube.shop/payment,phishing
https://www.duckduckgo.com/about/blog,legitimate
https://www.bbc.co.uk/support/support?cat=electronics,legitimate
http://reddit-download.net,phishing
https://www.nytimes.com/help,legitimate
http://www.instagram.account.org,phishing
http://paypal-security.com,phishing
https://www.yahoo.com/about?cat=electronics,legitimate
http://adobe-prize.org,phishing
https://www.linkedin.com/blog,legitimate
https://microsoft.xyz/free,phishing
https://cnn.store/urgent,phishing
https://www.cnn.com/support/help,legitimate
https://prize~youtube.org,phishing
http://www.twitter.download.com,phishing
http://cnn-payment.com,phishing
https://clickhere&duckduckgo.com,phishing
https://verify@cloudflare.net,phishing
https://www.stackoverflow.com/blog?q=search_term,legitimate
https://www.cnn.com/support,legitimate
http://www.amazon.urgent.org,phishing
https://www.netflix.com,legitimate
https://www.bbc.co.uk/about/blog?cat=electronics,legitimate
https://facebook.shop/urgent,phishing
https://www.spotify.com/blog?id=12345,legitimate
https://document$amazon.org,phishing
http://nytimes-login.net,phishing
https://www.github.com/support,legitimate
https://www.bbc.co.uk,legitimate
https://www.stackoverflow.com?id=12345,legitimate
https://www.yahoo.com/products/about?q=search_term,legitimate
https://www.spotify.com/blog,legitimate
https://www.duckduckgo.com/products/products?cat=electronics,legitimate
https://adobe.xyz/update,phishing
http://bbc-payment.com,phishing
http://linkedin-security.com,phishing
http://www.netflix.security.com,phishing
https://www.adobe.com/about/support,legitimate
http://www.duckduckgo.payment.com,phishing
http://spotify-document.net,phishing
https://youtube.xyz/free,phishing
https://confirm%bbc.org,phishing
https://www.instagram.com/about,legitimate
https://yahoo.online/verify,phishing
https://www.reddit.com/support?cat=electronics,legitimate
https://www.stackoverflow.com,legitimate
https://www.bing.com/blog?cat=electronics,legitimate
https://netflix.store/update,phishing
http://cloudflare-upgrade.net,phishing
https://www.nytimes.com/products,legitimate
https://adobe.shop/prize,phishing
https://www.bbc.co.uk/support/support?id=12345,legitimate
https://www.bing.com,legitimate
http://apple-account.com,phishing
https://www.apple.com/support,legitimate
https://account=duckduckgo.net,phishing
http://cloudflare-login.com,phishing
https://login)youtube.org,phishing
https://www.netflix.com,legitimate
https://www.apple.com/support/support?id=12345,legitimate
https://www.netflix.com/products/support,legitimate
https://www.reddit.com/support,legitimate
https://www.stackoverflow.com/support/support,legitimate
https://upgrade=duckduckgo.com,phishing
https://ebay.online/download,phishing
https://www.netflix.com?id=12345,legitimate
http://www.cnn.online.net,phishing
https://www.duckduckgo.com/products/about?cat=electronics,legitimate
http://www.ebay.winner.com,phishing
https://download!wikipedia.com,phishing
https://clickhere&cnn.net,phishing
http://apple-security.com,phishing
https://login*adobe.com,phishing
https://www.instagram.com/about/help,legitimate
https://clickhere_google.com,phishing
http://bing-urgent.org,phishing
https://www.youtube.com/help?cat=electronics,legitimate
https://duckduckgo.shop/clickhere,phishing
https://www.instagram.com/support?id=12345,legitimate
https://www.cnn.com/about/blog?id=12345,legitimate
http://ebay-download.net,phishing
http://cloudflare-clickhere.com,phishing
https://free.bing.com,phishing
http://www.yahoo.reset.org,phishing
https://facebook.store/invoice,phishing
http://instagram-urgent.net,phishing
https://www.google.com/blog/help?q=search_term,legitimate
https://www.cloudflare.com/blog,legitimate
https://www.linkedin.com,legitimate
http://microsoft-payment.com,phishing
https://reddit.store/clickhere,phishing
http://facebook-password.com,phishing
https://login$github.org,phishing
https://www.instagram.com/products,legitimate
https://online*spotify.org,phishing
https://www.reddit.com,legitimate
https://www.netflix.com?cat=electronics,legitimate
https://www.amazon.com/products/support,legitimate
https://yahoo.online/upgrade,phishing
https://security$wikipedia.org,phishing
http://www.github.login.org,phishing
https://confirm~microsoft.org,phishing
https://www.wikipedia.org/help,legitimate
http://www.amazon.reset.com,phishing
https://www.cnn.com/help,legitimate
https://www.paypal.com/products/blog?q=search_term,legitimate
https://www.instagram.com/products/help?q=search_term,legitimate
http://bing-urgent.com,phishing
https://amazon.store/security,phishing
https://www.instagram.com?id=12345,legitimate
https://www.wikipedia.org/blog/help?cat=electronics,legitimate
https://upgrade%adobe.org,phishing
https://www.microsoft.com/support,legitimate
https://google.shop/reset,phishing
http://reddit-password.com,phishing
https://www.youtube.com?id=12345,legitimate
https://www.yahoo.com/products?cat=electronics,legitimate
http://www.paypal.document.org,phishing
https://clickhere$paypal.org,phishing
http://www.linkedin.bank.net,phishing
https://www.netflix.com/blog/support,legitimate
https://www.nytimes.com/help/support,legitimate
https://www.google.com/products/help,legitimate
http://cnn-verify.org,phishing
https://www.ebay.com/blog,legitimate
https://www.apple.com/help/blog,legitimate
https://confirm$stackoverflow.net,phishing
http://www.paypal.clickhere.com,phishing
http://www.twitter.invoice.org,phishing
https://verify-microsoft.org,phishing
https://www.ebay.com/about/products?cat=electronics,legitimate
http://amazon-clickhere.net,phishing
https://account_ebay.com,phishing
https://www.amazon.com/support?id=12345,legitimate
https://www.wikipedia.org,legitimate
https://www.google.com/about,legitimate
https://www.cnn.com?id=12345,legitimate
https://www.reddit.com?id=12345,legitimate
https://www.nytimes.com,legitimate
https://account)instagram.com,phishing
https://spotify.store/verify,phishing
http://www.cnn.download.org,phishing
https://www.github.com/about/about?q=search_term,legitimate
https://confirm=instagram.com,phishing
https://confirm~apple.org,phishing
https://www.amazon.com?cat=electronics,legitimate
https://www.facebook.com/blog?q=search_term,legitimate
https://www.yahoo.com/help,legitimate
http://www.stackoverflow.verify.com,phishing
http://www.bing.online.com,phishing
https://www.twitter.com,legitimate
http://youtube-urgent.net,phishing
https://microsoft.shop/upgrade,phishing
https://www.bing.com,legitimate
https://www.yahoo.com/products/support?cat=electronics,legitimate
https://www.netflix.com/blog/support?cat=electronics,legitimate
https://cnn.online/bank,phishing
https://www.instagram.com/support?cat=electronics,legitimate
https://www.cloudflare.com/about/products,legitimate
https://www.google.com/support/products?q=search_term,legitimate
https://www.twitter.com/about/help,legitimate
https://www.facebook.com/help?id=12345,legitimate
http://google-invoice.org,phishing
https://bbc.shop/clickhere,phishing
https://www.bbc.co.uk?id=12345,legitimate
http://twitter-online.com,phishing
https://www.cloudflare.com/about?q=search_term,legitimate
https://netflix.store/reset,phishing
https://www.yahoo.com/products,legitimate
https://www.reddit.com/about/about,legitimate
https://www.apple.com/blog/support,legitimate
https://www.github.com/blog/products?q=search_term,legitimate
https://twitter.shop/winner,phishing
https://www.cnn.com/about/blog?id=12345,legitimate
https://www.google.com/support?q=search_term,legitimate
https://www.paypal.com/about/blog,legitimate
https://upgrade!wikipedia.net,phishing
https://www.ebay.com/help,legitimate
http://youtube-security.net,phishing
https://www.netflix.com/blog/products,legitimate
http://www.microsoft.document.org,phishing
https://www.duckduckgo.com,legitimate
https://prize.yahoo.com,phishing
https://www.nytimes.com?cat=electronics,legitimate
https://www.cnn.com/about/blog,legitimate
https://www.github.com?q=search_term,legitimate
https://www.netflix.com/about?id=12345,legitimate
http://twitter-bank.org,phishing
https://www.reddit.com/support/blog,legitimate
http://www.yahoo.upgrade.net,phishing
https://www.netflix.com/support/support,legitimate
https://www.ebay.com/products,legitimate
http://spotify-document.net,phishing
https://reset)microsoft.com,phishing
https://www.wikipedia.org/help/products?id=12345,legitimate
http://www.linkedin.urgent.net,phishing
http://www.linkedin.security.org,phishing
https://www.ebay.com/help?cat=electronics,legitimate
https://invoice&stackoverflow.net,phishing
https://www.nytimes.com,legitimate
http://www.microsoft.password.net,phishing
http://www.apple.login.com,phishing
http://www.adobe.password.net,phishing
https://www.facebook.com?id=12345,legitimate
https://document*instagram.net,phishing
https://www.adobe.com/help/products?cat=electronics,legitimate
https://security%youtube.com,phishing
http://www.spotify.payment.org,phishing
https://www.adobe.com/help/help,legitimate
http://www.wikipedia.winner.net,phishing
https://www.cloudflare.com/products,legitimate
http://facebook-confirm.com,phishing
http://yahoo-password.com,phishing
https://www.youtube.com/support/about?cat=electronics,legitimate
https://www.twitter.com/about/blog?q=search_term,legitimate
https://www.youtube.com/support/blog,legitimate
https://www.instagram.com/about/about?q=search_term,legitimate
http://www.google.urgent.org,phishing
http://paypal-account.org,phishing
https://www.youtube.com,legitimate
https://www.linkedin.com/help/products?cat=electronics,legitimate
https://bank@nytimes.com,phishing
https://www.twitter.com?cat=electronics,legitimate
https://www.cloudflare.com/blog/products,legitimate
http://www.nytimes.clickhere.org,phishing
https://www.paypal.com/about/help,legitimate
http://www.yahoo.online.net,phishing
https://www.linkedin.com,legitimate
https://www.cnn.com/about/help?q=search_term,legitimate
http://www.instagram.bank.com,phishing
https://www.wikipedia.org/blog/blog?cat=electronics,legitimate
https://www.google.com/help/blog?q=search_term,legitimate
https://www.duckduckgo.com/about?q=search_term,legitimate
https://www.github.com/products?cat=electronics,legitimate
https://www.duckduckgo.com/products,legitimate
http://www.duckduckgo.password.org,phishing
https://www.adobe.com/about,legitimate
https://www.cloudflare.com/products/blog,legitimate
https://www.cloudflare.com,legitimate
https://ebay.xyz/upgrade,phishing
https://download(microsoft.net,phishing
https://www.stackoverflow.com/about/support,legitimate
http://yahoo-online.org,phishing
https://winner=yahoo.net,phishing
https://bbc.shop/reset,phishing
https://www.ebay.com,legitimate
https://twitter.xyz/free,phishing
https://reset_stackoverflow.com,phishing
https://www.cnn.com/products,legitimate
http://www.microsoft.password.net,phishing
https://www.microsoft.com/blog/support,legitimate
https://www.nytimes.com/help/support,legitimate
https://www.nytimes.com/help?q=search_term,legitimate
https://youtube.shop/free,phishing
https://urgent~instagram.org,phishing
https://www.youtube.com/about?cat=electronics,legitimate
https://document_spotify.net,phishing
https://www.cnn.com/help/help,legitimate
https://nytimes.shop/document,phishing
https://www.spotify.com/about?cat=electronics,legitimate
http://www.cnn.prize.net,phishing
http://www.apple.login.com,phishing
https://www.cnn.com/products?cat=electronics,legitimate
https://www.adobe.com/about,legitimate
http://www.bbc.document.org,phishing
https://www.duckduckgo.com/products,legitimate
https://www.stackoverflow.com/blog,legitimate
https://www.stackoverflow.com/help/about,legitimate
https://www.instagram.com/products/support,legitimate
https://www.facebook.com/blog/support?cat=electronics,legitimate
http://www.netflix.verify.net,phishing
https://www.bbc.co.uk/blog/support?cat=electronics,legitimate
https://confirm$wikipedia.org,phishing
https://www.apple.com/support,legitimate
https://password$linkedin.org,phishing
https://www.google.com/products?cat=electronics,legitimate
https://www.google.com/blog,legitimate
https://bing.xyz/update,phishing
https://www.cloudflare.com/blog?id=12345,legitimate
https://www.bing.com/about,legitimate
https://www.spotify.com,legitimate
https://winner*paypal.com,phishing
https://www.facebook.com/about,legitimate
https://www.google.com/blog,legitimate
http://www.cnn.bank.com,phishing
https://www.apple.com,legitimate
https://www.apple.com/help,legitimate
http://paypal-verify.com,phishing
http://www.github.urgent.org,phishing
https://netflix.xyz/download,phishing
https://www.reddit.com/about/help?q=search_term,legitimate
https://www.microsoft.com/products/help,legitimate
https://cloudflare.online/winner,phishing
https://winner)duckduckgo.org,phishing
https://bbc.shop/winner,phishing
https://www.twitter.com/products/blog?id=12345,legitimate
https://free_wikipedia.com,phishing
https://facebook.store/winner,phishing
https://www.cnn.com/support/blog?id=12345,legitimate
https://www.github.com/blog/help?id=12345,legitimate
https://www.cloudflare.com/support?q=search_term,legitimate
http://duckduckgo-login.org,phishing
https://www.microsoft.com/help,legitimate
https://update~cnn.com,phishing
https://www.nytimes.com/support?cat=electronics,legitimate
https://www.facebook.com/support?id=12345,legitimate
https://www.youtube.com/about/products,legitimate
http://google-online.org,phishing
https://winner*facebook.com,phishing
https://www.netflix.com,legitimate
https://wikipedia.online/upgrade,phishing
http://www.paypal.prize.net,phishing
https://www.stackoverflow.com?q=search_term,legitimate
https://prize)instagram.net,phishing
http://www.amazon.clickhere.org,phishing
https://www.youtube.com/blog/about?q=search_term,legitimate
http://paypal-reset.com,phishing
https://www.cloudflare.com/about?cat=electronics,legitimate
https://www.linkedin.com/about,legitimate
http://www.amazon.online.com,phishing
http://www.apple.upgrade.net,phishing
http://www.ebay.reset.org,phishing
https://www.apple.com/about/blog?id=12345,legitimate
https://amazon.xyz/download,phishing
https://www.stackoverflow.com/support?id=12345,legitimate
http://www.github.download.com,phishing
http://www.github.password.com,phishing
https://twitter.store/upgrade,phishing
https://www.cloudflare.com,legitimate
https://nytimes.online/account,phishing
https://www.linkedin.com/about,legitimate
https://www.reddit.com/support?cat=electronics,legitimate
https://www.google.com/help?q=search_term,legitimate
https://bank*nytimes.org,phishing
http://duckduckgo-upgrade.org,phishing
https://www.bing.com/help/products,legitimate
https://www.stackoverflow.com/help?q=search_term,legitimate
https://cnn.xyz/login,phishing
https://www.bing.com/products?cat=electronics,legitimate
https://www.apple.com,legitimate
https://adobe.store/account,phishing
http://cnn-download.org,phishing
https://www.duckduckgo.com?cat=electronics,legitimate
https://upgrade*facebook.net,phishing
https://www.bing.com,legitimate
http://www.twitter.update.net,phishing
https://www.adobe.com,legitimate
https://apple.store/bank,phishing
https://bing.online/free,phishing
https://www.wikipedia.org/blog/about?id=12345,legitimate
https://www.twitter.com/support/products?id=12345,legitimate
https://www.ebay.com,legitimate
https://winner(reddit.org,phishing
https://verify~youtube.com,phishing
https://www.github.com/products,legitimate
https://www.apple.com/products/products?id=12345,legitimate
https://www.youtube.com/blog/support?id=12345,legitimate
http://nytimes-prize.org,phishing
https://winner)paypal.net,phishing
https://www.twitter.com/help?q=search_term,legitimate
https://www.yahoo.com,legitimate
https://www.google.com?id=12345,legitimate
https://www.bing.com/support/help,legitimate
https://www.ebay.com/support?cat=electronics,legitimate
https://winner&bing.org,phishing
http://duckduckgo-winner.com,phishing
https://netflix.online/free,phishing
https://bank%nytimes.net,phishing
https://www.yahoo.com,legitimate
https://www.cnn.com/support?cat=electronics,legitimate
https://google.online/free,phishing
https://www.wikipedia.org/products,legitimate
https://www.reddit.com?q=search_term,legitimate
https://www.twitter.com/products?cat=electronics,legitimate
https://www.microsoft.com/products/help,legitimate
http://reddit-password.org,phishing
https://www.reddit.com,legitimate
https://www.paypal.com/products/about?id=12345,legitimate
https://microsoft.shop/account,phishing
https://www.ebay.com/help?cat=electronics,legitimate
http://google-online.org,phishing
http://twitter-upgrade.org,phishing
http://apple-upgrade.net,phishing
http://youtube-confirm.org,phishing
https://www.paypal.com/about,legitimate
https://www.paypal.com/help/products?cat=electronics,legitimate
https://www.yahoo.com/about/help?id=12345,legitimate
https://security!paypal.org,phishing
https://duckduckgo.store/urgent,phishing
https://www.youtube.com/support/help?q=search_term,legitimate
https://adobe.online/account,phishing
https://www.twitter.com/products,legitimate
https://www.nytimes.com,legitimate
https://stackoverflow.xyz/login,phishing
https://apple.store/upgrade,phishing
https://www.ebay.com,legitimate
https://www.github.com/products/about?id=12345,legitimate
https://twitter.xyz/reset,phishing
https://www.nytimes.com?cat=electronics,legitimate
http://bing-confirm.com,phishing
http://adobe-payment.net,phishing
https://www.cnn.com/blog?cat=electronics,legitimate
http://yahoo-login.net,phishing
http://www.spotify.update.net,phishing
https://www.bing.com/help/help,legitimate
https://www.reddit.com/products/blog?id=12345,legitimate
https://www.netflix.com?cat=electronics,legitimate
https://adobe.xyz/invoice,phishing
https://www.reddit.com/about?q=search_term,legitimate
http://www.stackoverflow.document.com,phishing
https://bank%paypal.com,phishing
http://yahoo-invoice.com,phishing
https://bbc.store/prize,phishing
http://bing-winner.org,phishing
https://www.apple.com/help/about,legitimate
http://youtube-document.net,phishing
https://confirm_github.com,phishing
https://prize_adobe.net,phishing
http://www.netflix.download.org,phishing
https://www.apple.com/help,legitimate
https://download&instagram.com,phishing
https://www.cnn.com/products/support?cat=electronics,legitimate
https://www.amazon.com?q=search_term,legitimate
https://microsoft.shop/reset,phishing
https://www.cnn.com/products?id=12345,legitimate
https://amazon.online/password,phishing
https://upgrade*paypal.org,phishing
https://www.stackoverflow.com/help,legitimate
https://www.adobe.com/products,legitimate
http://paypal-payment.org,phishing
https://apple.xyz/password,phishing
http://www.bbc.clickhere.net,phishing
https://www.cnn.com/support,legitimate
http://www.wikipedia.urgent.org,phishing
http://netflix-download.com,phishing
https://www.netflix.com/about?cat=electronics,legitimate
http://cnn-account.net,phishing
https://www.cnn.com/blog/about,legitimate
https://spotify.shop/bank,phishing
http://cloudflare-urgent.com,phishing
https://www.reddit.com?id=12345,legitimate
https://www.netflix.com/products?q=search_term,legitimate
https://www.youtube.com/about?q=search_term,legitimate
https://security=bing.com,phishing
https://security&netflix.net,phishing
https://www.github.com/about,legitimate
https://www.reddit.com,legitimate
https://www.twitter.com/blog,legitimate
https://account_netflix.net,phishing
https://www.wikipedia.org/blog/help,legitimate
https://www.adobe.com/support/products,legitimate
http://www.paypal.clickhere.net,phishing
https://www.twitter.com,legitimate
https://www.cnn.com/products/blog,legitimate
https://www.cnn.com/help,legitimate
https://urgent&bbc.org,phishing
http://twitter-account.net,phishing
http://www.wikipedia.winner.com,phishing
http://www.spotify.upgrade.net,phishing
https://amazon.shop/security,phishing
https://www.apple.com/about?id=12345,legitimate
https://www.youtube.com/support?cat=electronics,legitimate
https://www.bing.com/help?id=12345,legitimate
https://www.duckduckgo.com?q=search_term,legitimate
https://online~facebook.com,phishing
https://paypal.online/reset,phishing
https://ebay.online/free,phishing
http://www.youtube.clickhere.com,phishing
https://reset(yahoo.com,phishing
http://google-upgrade.net,phishing
https://www.instagram.com/products/about,legitimate
https://www.bbc.co.uk/products?cat=electronics,legitimate
https://www.nytimes.com,legitimate
http://www.nytimes.document.net,phishing
http://cnn-confirm.com,phishing
https://www.adobe.com/support,legitimate
https://www.ebay.com?id=12345,legitimate
https://download)spotify.com,phishing
https://www.spotify.com/support/blog,legitimate
http://cnn-clickhere.org,phishing
http://cloudflare-urgent.org,phishing
https://apple.xyz/online,phishing
http://duckduckgo-online.net,phishing
https://www.paypal.com/blog?cat=electronics,legitimate
https://www.google.com/blog,legitimate
https://www.github.com/blog?id=12345,legitimate
https://www.ebay.com/help/support,legitimate
http://www.nytimes.download.com,phishing
https://www.duckduckgo.com/support/help?q=search_term,legitimate
https://bank%wikipedia.com,phishing
https://www.adobe.com/products,legitimate
https://www.yahoo.com/support/blog,legitimate
https://www.instagram.com/about/blog,legitimate
http://facebook-payment.com,phishing
https://www.ebay.com/products/support?cat=electronics,legitimate
https://wikipedia.store/clickhere,phishing
https://ebay.store/prize,phishing
http://cnn-invoice.com,phishing
https://document=adobe.org,phishing
https://www.paypal.com,legitimate
https://payment&stackoverflow.org,phishing
https://www.reddit.com/products/about?q=search_term,legitimate
https://youtube.online/security,phishing
http://paypal-update.org,phishing
https://www.reddit.com/about/about?id=12345,legitimate
https://www.ebay.com/products,legitimate
https://www.bbc.co.uk/products/help,legitimate
https://www.twitter.com/blog/blog,legitimate
https://www.nytimes.com/about,legitimate
https://account*duckduckgo.org,phishing
http://github-login.com,phishing
https://www.amazon.com,legitimate
https://www.github.com,legitimate
https://www.reddit.com?cat=electronics,legitimate
https://online*wikipedia.net,phishing
http://bing-reset.com,phishing
http://youtube-download.org,phishing
https://prize-stackoverflow.net,phishing
https://www.youtube.com?id=12345,legitimate
https://www.netflix.com,legitimate
https://www.cloudflare.com/products,legitimate
https://urgent%adobe.org,phishing
https://wikipedia.xyz/verify,phishing
https://www.amazon.com?cat=electronics,legitimate
https://www.stackoverflow.com/support/help?id=12345,legitimate
https://bing.store/password,phishing
https://www.nytimes.com,legitimate
https://www.reddit.com/products,legitimate
https://upgrade.microsoft.org,phishing
http://www.google.upgrade.com,phishing
https://www.bbc.co.uk/help,legitimate
https://verify~apple.com,phishing
http://www.facebook.payment.com,phishing
http://nytimes-free.org,phishing
https://www.netflix.com/blog?cat=electronics,legitimate
https://www.github.com/support/about,legitimate
https://www.yahoo.com/blog?id=12345,legitimate
https://www.apple.com/about,legitimate
https://www.google.com/blog/products?id=12345,legitimate
https://www.spotify.com/blog,legitimate
https://www.nytimes.com,legitimate
https://www.stackoverflow.com/help/products,legitimate
https://www.wikipedia.org/help/blog,legitimate
https://www.wikipedia.org,legitimate
https://invoice)google.net,phishing
https://reset$google.org,phishing
https://login!spotify.org,phishing
https://www.instagram.com,legitimate
https://verify&bbc.net,phishing
https://login(netflix.net,phishing
https://www.duckduckgo.com?q=search_term,legitimate
https://www.github.com/support/blog?cat=electronics,legitimate
https://www.bbc.co.uk/products?q=search_term,legitimate
https://www.reddit.com,legitimate
https://www.yahoo.com,legitimate
http://stackoverflow-download.com,phishing
https://www.apple.com/blog,legitimate
https://www.youtube.com/about?q=search_term,legitimate
https://www.youtube.com/blog,legitimate
https://free~adobe.org,phishing
https://www.linkedin.com?q=search_term,legitimate
https://instagram.xyz/verify,phishing
https://www.stackoverflow.com,legitimate
http://netflix-winner.net,phishing
https://www.github.com/products,legitimate
https://www.ebay.com/products,legitimate
https://www.github.com/blog,legitimate
https://www.netflix.com/help?id=12345,legitimate
https://wikipedia.shop/confirm,phishing
https://reset@google.net,phishing
https://security=nytimes.net,phishing
https://www.bing.com/products/about?cat=electronics,legitimate
http://google-account.net,phishing
https://prize%cloudflare.net,phishing
https://google.store/bank,phishing
https://www.instagram.com,legitimate
https://www.cloudflare.com/help/blog?cat=electronics,legitimate
https://www.adobe.com?q=search_term,legitimate
https://www.youtube.com?q=search_term,legitimate
https://www.bbc.co.uk/help/help?cat=electronics,legitimate
http://www.reddit.account.net,phishing
https://www.github.com/support/about,legitimate
https://www.twitter.com/help?q=search_term,legitimate
https://linkedin.shop/account,phishing
http://www.cloudflare.prize.org,phishing
http://youtube-urgent.com,phishing
https://www.amazon.com/help/support?cat=electronics,legitimate
http://spotify-free.org,phishing
https://www.github.com/blog/support,legitimate
https://confirm@cnn.com,phishing
http://paypal-prize.net,phishing
https://www.apple.com/support/help,legitimate
https://www.yahoo.com?cat=electronics,legitimate
https://www.google.com/help?cat=electronics,legitimate
https://www.bing.com/products,legitimate
https://www.linkedin.com/help,legitimate
http://facebook-free.org,phishing
https://netflix.online/winner,phishing
https://www.nytimes.com/about?q=search_term,legitimate
https://www.yahoo.com/about/support,legitimate
http://www.cloudflare.winner.org,phishing
https://paypal.shop/clickhere,phishing
http://cloudflare-update.com,phishing
http://www.google.upgrade.com,phishing
https://bank_adobe.com,phishing
https://verify-amazon.org,phishing
https://www.wikipedia.org?id=12345,legitimate
https://www.microsoft.com?id=12345,legitimate
https://password-microsoft.org,phishing
https://www.stackoverflow.com?cat=electronics,legitimate
http://bing-update.org,phishing
https://www.paypal.com/support,legitimate
https://account!ebay.org,phishing
http://microsoft-bank.net,phishing
http://spotify-urgent.com,phishing
https://www.paypal.com/blog?id=12345,legitimate
http://www.cnn.update.com,phishing
https://www.bing.com,legitimate
https://facebook.xyz/account,phishing
https://bbc.xyz/invoice,phishing
http://www.cloudflare.invoice.net,phishing
https://www.twitter.com/blog?id=12345,legitimate
http://cloudflare-winner.com,phishing
http://linkedin-download.net,phishing
http://www.instagram.login.org,phishing
